{
  "0": {
    "em": 0.4036281179138322,
    "contains_em": 0.4387755102040816,
    "f1": 0.410521558310674,
    "avg_tool_calls": 2.1417233560090705,
    "n_samples": 882,
    "elapsed_s": 4207.748748779297
  }
}