{
  "0": {
    "em": 0.38095238095238093,
    "contains_em": 0.42290249433106575,
    "f1": 0.39219241328084886,
    "avg_tool_calls": 2.1507936507936507,
    "n_samples": 882,
    "elapsed_s": 4335.9068739414215
  }
}