{
  "0": {
    "em": 0.4875283446712018,
    "contains_em": 0.5430839002267573,
    "f1": 0.49614664750719145,
    "avg_tool_calls": 2.1122448979591835,
    "n_samples": 882,
    "elapsed_s": 4103.121237754822
  }
}