{
  "0": {
    "em": 0.3333333333333333,
    "contains_em": 0.3751412429378531,
    "f1": 0.37648046241266553,
    "avg_tool_calls": 2.142372881355932,
    "n_samples": 885,
    "elapsed_s": 4400.301780223846
  }
}