{
  "0": {
    "em": 0.0,
    "contains_em": 0.08163265306122448,
    "f1": 0.020596451139585366,
    "avg_tool_calls": 1.0,
    "n_samples": 882,
    "elapsed_s": 16987.10794019699
  }
}