{
  "0": {
    "em": 0.0,
    "contains_em": 0.12471655328798185,
    "f1": 0.0012196903159093736,
    "avg_tool_calls": 1.0,
    "n_samples": 882,
    "elapsed_s": 17750.87809729576
  }
}