{
  "0": {
    "em": 0.0,
    "contains_em": 0.05215419501133787,
    "f1": 0.014416702888371867,
    "avg_tool_calls": 0.9943310657596371,
    "n_samples": 882,
    "elapsed_s": 16055.836504220963
  }
}