{
  "0": {
    "em": 0.0,
    "contains_em": 0.061016949152542375,
    "f1": 0.015096412843937425,
    "avg_tool_calls": 0.9898305084745763,
    "n_samples": 885,
    "elapsed_s": 17053.905428409576
  }
}