{
  "0": {
    "em": 0.0,
    "contains_em": 0.1349206349206349,
    "f1": 0.00131066381226368,
    "avg_tool_calls": 1.0,
    "n_samples": 882,
    "elapsed_s": 16997.882132291794
  }
}