{
  "0": {
    "em": 0.0,
    "contains_em": 0.045351473922902494,
    "f1": 0.011044804515111303,
    "avg_tool_calls": 1.0056689342403629,
    "n_samples": 882,
    "elapsed_s": 16078.307034492493
  }
}