{
  "0": {
    "em": 0.0,
    "contains_em": 0.11678004535147392,
    "f1": 0.0010539558012099093,
    "avg_tool_calls": 1.0011337868480725,
    "n_samples": 882,
    "elapsed_s": 17458.849629163742
  }
}