{
  "0": {
    "em": 0.0,
    "contains_em": 0.11299435028248588,
    "f1": 0.001165647752122185,
    "avg_tool_calls": 1.0,
    "n_samples": 885,
    "elapsed_s": 18017.484159231186
  }
}