{
  "task": "S0.1 multi-seed I-Self aggregate",
  "steps": [
    0,
    50,
    100,
    150,
    200,
    250,
    300,
    350,
    400
  ],
  "seeds": [
    0,
    1,
    2,
    3
  ],
  "per_step": {
    "0": {
      "em": null,
      "contains_em": null,
      "f1": null,
      "cvt_proxy_verbatim_any": null,
      "present_seeds": [],
      "pending_seeds": [
        0,
        1,
        2,
        3
      ]
    },
    "50": {
      "em": {
        "mean": 0.3816907391673747,
        "std": 0.0012317557208250567,
        "min": 0.3806287170773152,
        "max": 0.3828943642027754,
        "n": 4
      },
      "contains_em": {
        "mean": 0.43210138770886436,
        "std": 0.003173717638820785,
        "min": 0.4296233361653922,
        "max": 0.4367034834324554,
        "n": 4
      },
      "f1": {
        "mean": 0.40524839491714343,
        "std": 0.0012579502129777523,
        "min": 0.4041288936450073,
        "max": 0.4064153490236759,
        "n": 4
      },
      "cvt_proxy_verbatim_any": null,
      "present_seeds": [
        0,
        1,
        2,
        3
      ],
      "pending_seeds": []
    },
    "100": {
      "em": {
        "mean": 0.38742565845369586,
        "std": 0.002666751041598327,
        "min": 0.3857264231096007,
        "max": 0.3913905409232512,
        "n": 4
      },
      "contains_em": {
        "mean": 0.44399603511753044,
        "std": 0.004961494552326209,
        "min": 0.43698668932313794,
        "max": 0.4485981308411215,
        "n": 4
      },
      "f1": {
        "mean": 0.4101232073725709,
        "std": 0.0028638146685028764,
        "min": 0.40785487680135174,
        "max": 0.4141708444172344,
        "n": 4
      },
      "cvt_proxy_verbatim_any": null,
      "present_seeds": [
        0,
        1,
        2,
        3
      ],
      "pending_seeds": []
    },
    "150": {
      "em": {
        "mean": 0.38947890116114414,
        "std": 0.0020859416401382497,
        "min": 0.3874256584536958,
        "max": 0.39167374681393374,
        "n": 4
      },
      "contains_em": {
        "mean": 0.4505805720758992,
        "std": 0.0073159999131492655,
        "min": 0.4409515717926933,
        "max": 0.4576607193429623,
        "n": 4
      },
      "f1": {
        "mean": 0.41021838455858134,
        "std": 0.00225323617045877,
        "min": 0.4074460263925013,
        "max": 0.4129124313491356,
        "n": 4
      },
      "cvt_proxy_verbatim_any": null,
      "present_seeds": [
        0,
        1,
        2,
        3
      ],
      "pending_seeds": []
    },
    "200": {
      "em": {
        "mean": 0.09756442934013028,
        "std": 0.1951288586802606,
        "min": 0.0,
        "max": 0.3902577173605211,
        "n": 4
      },
      "contains_em": {
        "mean": 0.22408666100254887,
        "std": 0.1537007838950332,
        "min": 0.12461059190031153,
        "max": 0.4517133956386293,
        "n": 4
      },
      "f1": {
        "mean": 0.11750743948317269,
        "std": 0.19446880521373477,
        "min": 0.01596773007228959,
        "max": 0.40912367545229517,
        "n": 4
      },
      "cvt_proxy_verbatim_any": {
        "mean": 0.20609579100145137,
        "std": 0.0,
        "min": 0.20609579100145137,
        "max": 0.20609579100145137,
        "n": 1
      },
      "present_seeds": [
        0,
        1,
        2,
        3
      ],
      "pending_seeds": []
    },
    "250": {
      "em": {
        "mean": 0.09876805437553102,
        "std": 0.197536108751062,
        "min": 0.0,
        "max": 0.39507221750212407,
        "n": 4
      },
      "contains_em": {
        "mean": 0.2262107051826678,
        "std": 0.16252339897353,
        "min": 0.10875106202209006,
        "max": 0.4613423959218352,
        "n": 4
      },
      "f1": {
        "mean": 0.1177967506243812,
        "std": 0.19783109201371246,
        "min": 0.0077933874019059345,
        "max": 0.41428475734434056,
        "n": 4
      },
      "cvt_proxy_verbatim_any": {
        "mean": 0.23727598566308244,
        "std": 0.0,
        "min": 0.23727598566308244,
        "max": 0.23727598566308244,
        "n": 1
      },
      "present_seeds": [
        0,
        1,
        2,
        3
      ],
      "pending_seeds": []
    },
    "300": {
      "em": {
        "mean": 0.0,
        "std": 0.0,
        "min": 0.0,
        "max": 0.0,
        "n": 3
      },
      "contains_em": {
        "mean": 0.31416973473048243,
        "std": 0.06704048344779923,
        "min": 0.2398753894080997,
        "max": 0.37015009912206176,
        "n": 3
      },
      "f1": {
        "mean": 0.045126706875844406,
        "std": 0.046414643017613375,
        "min": 0.012805109034071943,
        "max": 0.09831188723880922,
        "n": 3
      },
      "cvt_proxy_verbatim_any": null,
      "present_seeds": [
        1,
        2,
        3
      ],
      "pending_seeds": [
        0
      ]
    },
    "350": {
      "em": {
        "mean": 0.0,
        "std": 0.0,
        "min": 0.0,
        "max": 0.0,
        "n": 3
      },
      "contains_em": {
        "mean": 0.29528934201831397,
        "std": 0.07471287732706457,
        "min": 0.24893797790994052,
        "max": 0.38147833474936277,
        "n": 3
      },
      "f1": {
        "mean": 0.05962596410686822,
        "std": 0.01742880578740745,
        "min": 0.04216416320627461,
        "max": 0.07702158631589384,
        "n": 3
      },
      "cvt_proxy_verbatim_any": null,
      "present_seeds": [
        1,
        2,
        3
      ],
      "pending_seeds": [
        0
      ]
    },
    "400": {
      "em": {
        "mean": 0.0,
        "std": 0.0,
        "min": 0.0,
        "max": 0.0,
        "n": 3
      },
      "contains_em": {
        "mean": 0.32285471537807986,
        "std": 0.05232109070070485,
        "min": 0.2690455961483999,
        "max": 0.37354856981025203,
        "n": 3
      },
      "f1": {
        "mean": 0.05601882578566422,
        "std": 0.04841822256883552,
        "min": 0.013608875102950658,
        "max": 0.10877330728864967,
        "n": 3
      },
      "cvt_proxy_verbatim_any": null,
      "present_seeds": [
        1,
        2,
        3
      ],
      "pending_seeds": [
        0
      ]
    }
  },
  "per_seed": {
    "0": {
      "curve": {
        "0": {
          "em": null,
          "contains_em": null,
          "cvt_proxy": null,
          "pending": true
        },
        "50": {
          "em": 0.3806287170773152,
          "contains_em": 0.4296233361653922,
          "cvt_proxy": null,
          "pending": false
        },
        "100": {
          "em": 0.38657604078164826,
          "contains_em": 0.43698668932313794,
          "cvt_proxy": null,
          "pending": false
        },
        "150": {
          "em": 0.3874256584536958,
          "contains_em": 0.4409515717926933,
          "cvt_proxy": null,
          "pending": false
        },
        "200": {
          "em": 0.3902577173605211,
          "contains_em": 0.4517133956386293,
          "cvt_proxy": 0.20609579100145137,
          "pending": false
        },
        "250": {
          "em": 0.39507221750212407,
          "contains_em": 0.4613423959218352,
          "cvt_proxy": 0.23727598566308244,
          "pending": false
        },
        "300": {
          "em": null,
          "contains_em": null,
          "cvt_proxy": null,
          "pending": true
        },
        "350": {
          "em": null,
          "contains_em": null,
          "cvt_proxy": null,
          "pending": true
        },
        "400": {
          "em": null,
          "contains_em": null,
          "cvt_proxy": null,
          "pending": true
        }
      },
      "peak_basis": "cvt_proxy",
      "peak_step": 250,
      "peak_value": 0.23727598566308244,
      "peak_em": 0.39507221750212407,
      "collapse_step": null,
      "never_collapsed": true
    },
    "1": {
      "curve": {
        "0": {
          "em": null,