{
  "e3_step_400": {
    "pass@1": 0.3425,
    "pass@4": 0.43488111790878764,
    "pass@8": 0.4699279912153105,
    "pass@16": 0.5018103742329708,
    "pass@32": 0.53,
    "per_question_correct": [
      0,
      0,
      0,
      0,
      2,
      0,
      3,
      0,
      32,
      30,
      2,
      19,
      32,
      32,
      4,
      17,
      3,
      32,
      0,
      0,
      28,
      0,
      0,
      9,
      14,
      0,
      32,
      6,
      29,
      0,
      7,
      0,
      0,
      0,
      0,
      0,
      0,
      32,
      0,
      0,
      0,
      0,
      9,
      0,
      31,
      0,
      32,
      0,
      0,
      3,
      15,
      0,
      0,
      0,
      25,
      0,
      0,
      0,
      0,
      26,
      1,
      0,
      0,
      27,
      4,
      0,
      32,
      32,
      0,
      0,
      0,
      0,
      0,
      18,
      28,
      0,
      0,
      32,
      11,
      32,
      0,
      32,
      11,
      31,
      24,
      32,
      25,
      0,
      25,
      0,
      7,
      32,
      4,
      0,
      30,
      32,
      32,
      0,
      23,
      0,
      0,
      0,
      17,
      32,
      0,
      21,
      0,
      1,
      0,
      6,
      21,
      0,
      0,
      20,
      31,
      31,
      8,
      32,
      32,
      31,
      0,
      0,
      0,
      32,
      0,
      1,
      0,
      0,
      0,
      32,
      2,
      32,
      0,
      0,
      30,
      32,
      32,
      0,
      1,
      31,
      0,
      16,
      20,
      1,
      29,
      0,
      32,
      14,
      0,
      25,
      1,
      0,
      18,
      0,
      0,
      0,
      32,
      0,
      32,
      17,
      8,
      4,
      31,
      0,
      0,
      0,
      32,
      19,
      0,
      0,
      32,
      0,
      1,
      15,
      0,
      0,
      0,
      0,
      27,
      0,
      4,
      22,
      32,
      0,
      24,
      4,
      0,
      30,
      1,
      0,
      2,
      0,
      0,
      0,
      32,
      32,
      0,
      0,
      32,
      0
    ],
    "n_samples": 32,
    "n_questions": 200,
    "elapsed_s": 46778.8911280632
  }
}