{
  "0": {
    "em": 0.0,
    "contains_em": 0.2,
    "f1": 0.02349271708683473,
    "avg_tool_calls": 4.98,
    "n_samples": 50,
    "elapsed_s": 1046.3542065620422
  }
}