{
  "0": {
    "em": 0.0,
    "contains_em": 0.18,
    "f1": 0.025952331809916948,
    "avg_tool_calls": 4.98,
    "n_samples": 50,
    "elapsed_s": 1167.0467705726624
  }
}