{
  "0": {
    "em": 0.0,
    "contains_em": 0.18,
    "f1": 0.020889306599832916,
    "avg_tool_calls": 4.98,
    "n_samples": 50,
    "elapsed_s": 1260.848682641983
  }
}