{
  "0": {
    "em": 0.0,
    "contains_em": 0.18,
    "f1": 0.01644486215538847,
    "avg_tool_calls": 4.98,
    "n_samples": 50,
    "elapsed_s": 1381.9716889858246
  }
}