{
  "0": {
    "em": 0.406,
    "contains_em": 0.454,
    "f1": 0.4185640692640693,
    "avg_tool_calls": 4.0,
    "n_samples": 500,
    "elapsed_s": 7928.678915023804
  }
}