{
  "0": {
    "em": 0.402,
    "contains_em": 0.443,
    "f1": 0.41756370851370866,
    "avg_tool_calls": 4.0,
    "n_samples": 1000,
    "elapsed_s": 13258.407804012299
  }
}