{
  "0": {
    "em": 0.3956916099773243,
    "contains_em": 0.42970521541950113,
    "f1": 0.4058649337560904,
    "avg_tool_calls": 2.993197278911565,
    "n_samples": 882,
    "elapsed_s": 5385.630214214325
  }
}