{
  "0": {
    "em": 0.3424036281179138,
    "contains_em": 0.36848072562358275,
    "f1": 0.36458078958078965,
    "avg_tool_calls": 1.973922902494331,
    "n_samples": 882,
    "elapsed_s": 7918.500107765198
  }
}