{
  "0": {
    "em": 0.047619047619047616,
    "contains_em": 0.07482993197278912,
    "f1": 0.06744333144291934,
    "avg_tool_calls": 2.9863945578231292,
    "n_samples": 882,
    "elapsed_s": 5421.446180343628
  }
}