{
  "0": {
    "em": 0.3231638418079096,
    "contains_em": 0.37175141242937854,
    "f1": 0.37609745558898094,
    "avg_tool_calls": 2.993220338983051,
    "n_samples": 885,
    "elapsed_s": 5073.836974143982
  }
}