{
  "0": {
    "em": 0.36054421768707484,
    "contains_em": 0.40476190476190477,
    "f1": 0.3749822487917728,
    "avg_tool_calls": 3.0,
    "n_samples": 882,
    "elapsed_s": 5188.284564733505
  }
}