{
  "0": {
    "em": 0.4070294784580499,
    "contains_em": 0.445578231292517,
    "f1": 0.4348838209211646,
    "avg_tool_calls": 1.9308390022675737,
    "n_samples": 882,
    "elapsed_s": 7813.33093214035
  }
}