{
  "0": {
    "em": 0.024943310657596373,
    "contains_em": 0.046485260770975055,
    "f1": 0.04048127640907977,
    "avg_tool_calls": 3.0090702947845807,
    "n_samples": 882,
    "elapsed_s": 5438.140794754028
  }
}