{
  "0": {
    "em": 0.2994350282485876,
    "contains_em": 0.33559322033898303,
    "f1": 0.34303960320909455,
    "avg_tool_calls": 1.9751412429378532,
    "n_samples": 885,
    "elapsed_s": 7962.9333164691925
  }
}