{
  "0": {
    "em": 0.022598870056497175,
    "contains_em": 0.0519774011299435,
    "f1": 0.03875970945045507,
    "avg_tool_calls": 3.0282485875706215,
    "n_samples": 885,
    "elapsed_s": 6044.176548719406
  }
}