{
  "0": {
    "em": 0.026077097505668934,
    "contains_em": 0.04308390022675737,
    "f1": 0.0431310108252464,
    "avg_tool_calls": 2.992063492063492,
    "n_samples": 882,
    "elapsed_s": 5895.387947320938
  }
}