{
  "0": {
    "em": 0.3310657596371882,
    "contains_em": 0.373015873015873,
    "f1": 0.35440439505065374,
    "avg_tool_calls": 1.9478458049886622,
    "n_samples": 882,
    "elapsed_s": 7794.0052082538605
  }
}