{
  "0": {
    "em": 0.47732426303854875,
    "contains_em": 0.5328798185941043,
    "f1": 0.49066793624616734,
    "avg_tool_calls": 2.994331065759637,
    "n_samples": 882,
    "elapsed_s": 5074.021131515503
  }
}