step,n_inside_tokens,n_outside_tokens,entropy_inside_nats,entropy_outside_nats
200,25161,60829,0.349914,0.038638
250,25300,61049,0.351842,0.036031
300,8091,272027,0.291780,0.006490
400,7142,269337,0.205076,0.019558
