step,n,r_outcome,r_tool_type,r_retrieval_contrib,r_total,em,f1,num_tool_calls
50,3531,0.3969656342871458,0.37732936845086357,0.0523175682054187,0.3009854848485725,0.3803455111866327,0.41358575738765985,3.0008496176720474
100,3531,0.40228963411879404,0.41428773718493306,0.0635891626545833,0.32361356778581146,0.3862928348909657,0.41828643334662297,2.99886717643727
150,3531,0.40236782119803155,0.417157556877183,0.07291607665439451,0.32739975290169804,0.38714245256301333,0.41759318983305077,3.0084961767204756
200,3531,0.4050642744202593,0.4844944774851315,0.0882658359293874,0.3655797663299776,0.3899745114698386,0.4201540373706817,3.0
250,3531,0.4098547770995409,0.4909138110072686,0.10403096384404782,0.37392834073953185,0.394505805720759,0.4252037484783241,2.998300764655905
300,3531,0.0007376309793189403,0.5137354856981026,0.5137354856981026,0.38548602201840604,0.0,0.0014752619586378805,1.000566411781365
400,3531,0.00799189723284786,0.08996507127348248,0.09185311054469934,0.06994378758112806,0.0,0.01598379446569572,1.0039648824695553
