{
  "500": {
    "em": 0.0,
    "contains_em": 0.532,
    "f1": 0.41597664884135527,
    "avg_tool_calls": 0.0,
    "n_samples": 500,
    "elapsed_s": 131.4890251159668
  }
}