{
  "1250": {
    "em": 0.296,
    "contains_em": 0.32,
    "f1": 0.314649494949495,
    "avg_tool_calls": 1.0,
    "n_samples": 500,
    "elapsed_s": 530.3229987621307
  }
}