{
  "0": {
    "em": 0.004,
    "contains_em": 0.142,
    "f1": 0.029588876906615897,
    "avg_tool_calls": 4.98,
    "n_samples": 500,
    "elapsed_s": 4599.6946222782135
  },
  "500": {
    "em": 0.002,
    "contains_em": 0.52,
    "f1": 0.10494332489663033,
    "avg_tool_calls": 4.86,
    "n_samples": 500,
    "elapsed_s": 4438.37660241127
  },
  "1250": {
    "em": 0.002,
    "contains_em": 0.57,
    "f1": 0.11903193862620144,
    "avg_tool_calls": 4.908,
    "n_samples": 500,
    "elapsed_s": 4066.9492938518524
  }
}