{
  "100": {
    "em": 0.45,
    "contains_em": 0.5,
    "f1": 0.5176190476190476,
    "avg_tool_calls": 2.2,
    "n_samples": 20,
    "elapsed_s": 110.18991780281067
  }
}