{
  "150": {
    "em": 0.35,
    "contains_em": 0.35,
    "f1": 0.44261904761904763,
    "avg_tool_calls": 2.1,
    "n_samples": 20,
    "elapsed_s": 64.12342119216919
  }
}