{
  "1250": {
    "em": 0.498,
    "contains_em": 0.5,
    "f1": 0.519447619047619,
    "avg_tool_calls": 0.0,
    "n_samples": 500,
    "elapsed_s": 150.9352638721466
  }
}