{
  "1250": {
    "em": 0.074,
    "contains_em": 0.57,
    "f1": 0.33506136331900815,
    "avg_tool_calls": 0.0,
    "n_samples": 500,
    "elapsed_s": 1446.7966346740723
  }
}