{
  "200": {
    "em": 0.0,
    "contains_em": 0.414,
    "f1": 0.08099456557359079,
    "avg_tool_calls": 4.994,
    "n_samples": 500,
    "elapsed_s": 4525.600764989853
  }
}