{
  "0": {
    "em": 0.004,
    "contains_em": 0.142,
    "f1": 0.029588876906615897,
    "avg_tool_calls": 4.98,
    "n_samples": 500,
    "elapsed_s": 4431.380326986313
  },
  "500": {
    "em": 0.542,
    "contains_em": 0.546,
    "f1": 0.5463714285714285,
    "avg_tool_calls": 1.0,
    "n_samples": 500,
    "elapsed_s": 781.1039488315582
  },
  "1250": {
    "em": 0.296,
    "contains_em": 0.32,
    "f1": 0.314649494949495,
    "avg_tool_calls": 1.0,
    "n_samples": 500,
    "elapsed_s": 465.45175433158875
  }
}