{
  "500": {
    "em": 0.542,
    "contains_em": 0.546,
    "f1": 0.5463714285714285,
    "avg_tool_calls": 1.0,
    "n_samples": 500,
    "elapsed_s": 808.3273739814758
  }
}