{
  "600": {
    "em": 0.004,
    "contains_em": 0.484,
    "f1": 0.11603060374647334,
    "avg_tool_calls": 4.914,
    "n_samples": 500,
    "elapsed_s": 4132.830719709396
  }
}