{
  "1250": {
    "em": 0.002,
    "contains_em": 0.57,
    "f1": 0.11903193862620144,
    "avg_tool_calls": 4.908,
    "n_samples": 500,
    "elapsed_s": 4349.661801099777
  }
}