{
  "500": {
    "em": 0.002,
    "contains_em": 0.28,
    "f1": 0.05670115875344157,
    "avg_tool_calls": 2.282,
    "n_samples": 500,
    "elapsed_s": 2631.311800479889
  }
}