{
  "100": {
    "em": 0.49,
    "contains_em": 0.576,
    "f1": 0.5122634240291686,
    "avg_tool_calls": 2.284,
    "n_samples": 500,
    "elapsed_s": 2535.0567507743835
  }
}