{
  "200": {
    "em": 0.35,
    "contains_em": 0.35,
    "f1": 0.42833333333333334,
    "avg_tool_calls": 0.15,
    "n_samples": 20,
    "elapsed_s": 146.1692018508911
  }
}