{
  "1200": {
    "em": 0.336,
    "contains_em": 0.58,
    "f1": 0.4487620304656297,
    "avg_tool_calls": 0.136,
    "n_samples": 500,
    "elapsed_s": 4462.4154353141785
  }
}