{
  "250": {
    "em": 0.026,
    "contains_em": 0.31,
    "f1": 0.08701422571623196,
    "avg_tool_calls": 1.64,
    "n_samples": 500,
    "elapsed_s": 2626.3317296504974
  }
}