{
  "250": {
    "em": 0.01,
    "contains_em": 0.07,
    "f1": 0.013723949268325082,
    "avg_tool_calls": 2.3,
    "n_samples": 500,
    "elapsed_s": 14736.107640981674
  }
}