{
  "e3_step_500": {
    "pass@1": 0.4875,
    "pass@4": 0.5138706896551725,
    "pass@8": 0.5244570044588954,
    "pass@16": 0.5347749351130886,
    "pass@32": 0.55,
    "per_question_correct": [
      0,
      0,
      32,
      29,
      32,
      0,
      32,
      23,
      0,
      30,
      0,
      0,
      0,
      32,
      32,
      32,
      32,
      0,
      0,
      0,
      32,
      24,
      0,
      0,
      0,
      31,
      32,
      32,
      0,
      32,
      0,
      32,
      0,
      0,
      5,
      0,
      32,
      32,
      0,
      0,
      32,
      0,
      32,
      32,
      32,
      0,
      0,
      0,
      0,
      1,
      32,
      32,
      32,
      0,
      32,
      0,
      32,
      0,
      0,
      32,
      1,
      32,
      0,
      32,
      32,
      0,
      32,
      32,
      32,
      32,
      0,
      9,
      32,
      32,
      9,
      32,
      32,
      0,
      0,
      32,
      0,
      0,
      0,
      32,
      1,
      0,
      32,
      29,
      32,
      0,
      24,
      0,
      0,
      0,
      32,
      32,
      0,
      0,
      0,
      32
    ],
    "n_samples": 32,
    "n_questions": 100,
    "elapsed_s": 4737.235574245453
  }
}