{
  "n_boot": 10000,
  "models": {
    "e3_500": {
      "n_samples": 3531,
      "em": {
        "mean": 0.32596998017558765,
        "lo95": 0.31011045029736617,
        "hi95": 0.34126309827244405
      },
      "f1": {
        "mean": 0.3584226371821954,
        "lo95": 0.3441529865552805,
        "hi95": 0.37260375480745067
      },
      "contains_em": {
        "mean": 0.34551118663268193,
        "lo95": 0.329927782497876,
        "hi95": 0.3608043047295384
      },
      "avg_tool_calls": 0.9963183234211271
    },
    "e3_750": {
      "n_samples": 3531,
      "em": {
        "mean": 0.3296516567544605,
        "lo95": 0.31407533276692157,
        "hi95": 0.3446615689606344
      },
      "f1": {
        "mean": 0.36528599158165853,
        "lo95": 0.35084211160782947,
        "hi95": 0.3793594864888408
      },
      "contains_em": {
        "mean": 0.34947606910223733,
        "lo95": 0.33361653922401585,
        "hi95": 0.36476918719909374
      },
      "avg_tool_calls": 0.9968847352024922
    },
    "e4_1250": {
      "n_samples": 3531,
      "em": {
        "mean": 0.05041064854148966,
        "lo95": 0.04333050127442651,
        "hi95": 0.05777400169923534
      },
      "f1": {
        "mean": 0.24236481288307968,
        "lo95": 0.23205075121706384,
        "hi95": 0.25255129271590615
      },
      "contains_em": {
        "mean": 0.3576890399320306,
        "lo95": 0.3418224299065421,
        "hi95": 0.37326536391956955
      },
      "avg_tool_calls": 0.0
    },
    "e5a_1000": {
      "n_samples": 3531,
      "em": {
        "mean": 0.3149249504389691,
        "lo95": 0.2996318323421127,
        "hi95": 0.3302180685358255
      },
      "f1": {
        "mean": 0.35175138995698807,
        "lo95": 0.3373075932882552,
        "hi95": 0.3660011272043982
      },
      "contains_em": {
        "mean": 0.32342112715944493,
        "lo95": 0.3081280090625885,
        "hi95": 0.3389974511469839
      },
      "avg_tool_calls": 0.0
    },
    "e5b_100": {
      "n_samples": 3531,
      "em": {
        "mean": 0.3166241857830643,
        "lo95": 0.3013310676862079,
        "hi95": 0.3319173038799207
      },
      "f1": {
        "mean": 0.35222766820710905,
        "lo95": 0.3377079397675702,
        "hi95": 0.3665759303995979
      },
      "contains_em": {
        "mean": 0.38204474653072784,
        "lo95": 0.3659020107618238,
        "hi95": 0.3979042764089493
      },
      "avg_tool_calls": 2.303030303030303
    }
  },
  "pairwise": {
    "e3_500_vs_e3_750": {
      "n_common": 3531,
      "em_diff": {
        "mean": -0.0036816765788728408,
        "lo95": -0.012177853299348626,
        "hi95": 0.004814500141602946,
        "boot_p": 0.4002
      },
      "f1_diff": {
        "mean": -0.00686335439946315,
        "lo95": -0.014009914060891117,
        "hi95": 0.0003965733203201326,
        "boot_p": 0.0598
      },
      "mcnemar_em": {
        "b": 108,
        "c": 121,
        "p_value": 0.42785158256031286,
        "statistic": -13.0,
        "method": "exact_binomial"
      }
    },
    "e3_500_vs_e4_1250": {
      "n_common": 3531,
      "em_diff": {
        "mean": 0.275559331634098,
        "lo95": 0.26026621353724155,
        "hi95": 0.29141886151231944,
        "boot_p": 0.0
      },
      "f1_diff": {
        "mean": 0.11605782429911572,
        "lo95": 0.10559614502052905,
        "hi95": 0.1265499007820588,
        "boot_p": 0.0
      },
      "mcnemar_em": {
        "b": 1015,
        "c": 42,
        "p_value": 4.321402069580717e-243,
        "statistic": 973.0,
        "method": "exact_binomial"
      }
    },
    "e3_500_vs_e5a_1000": {
      "n_common": 3531,
      "em_diff": {
        "mean": 0.011045029736618521,
        "lo95": 0.0002832058906825262,
        "hi95": 0.021806853582554516,
        "boot_p": 0.045
      },
      "f1_diff": {
        "mean": 0.006671247225207245,
        "lo95": -0.0019674390788494045,
        "hi95": 0.015189611364232492,
        "boot_p": 0.1232
      },
      "mcnemar_em": {
        "b": 200,
        "c": 161,
        "p_value": 0.04535044500384821,
        "statistic": 39.0,
        "method": "exact_binomial"
      }
    },
    "e3_500_vs_e5b_100": {
      "n_common": 3531,
      "em_diff": {
        "mean": 0.009345794392523364,
        "lo95": -0.003964882469555367,
        "hi95": 0.022373265363919568,
        "boot_p": 0.168
      },
      "f1_diff": {
        "mean": 0.006194968975086343,
        "lo95": -0.004781661712161406,
        "hi95": 0.017231529086725813,
        "boot_p": 0.267
      },
      "mcnemar_em": {
        "b": 298,
        "c": 265,
        "p_value": 0.17740043557752783,
        "statistic": 33.0,
        "method": "exact_binomial"
      }
    },
    "e3_750_vs_e4_1250": {
      "n_common": 3531,
      "em_diff": {
        "mean": 0.2792410082129708,
        "lo95": 0.2636646842254319,
        "hi95": 0.29481733220050976,
        "boot_p": 0.0
      },
      "f1_diff": {
        "mean": 0.12292117869857888,
        "lo95": 0.11223389821733068,
        "hi95": 0.13353792432275863,
        "boot_p": 0.0
      },
      "mcnemar_em": {
        "b": 1030,
        "c": 44,
        "p_value": 3.677206804834906e-245,
        "statistic": 986.0,
        "method": "exact_binomial"
      }
    },
    "e3_750_vs_e5a_1000": {
      "n_common": 3531,
      "em_diff": {
        "mean": 0.014726706315491363,
        "lo95": 0.0033984706881903144,
        "hi95": 0.025488530161427356,
        "boot_p": 0.0078
      },
      "f1_diff": {
        "mean": 0.013534601624670396,
        "lo95": 0.0039611865068825206,
        "hi95": 0.02305721479012248,
        "boot_p": 0.0038
      },
      "mcnemar_em": {
        "b": 226,
        "c": 174,
        "p_value": 0.010681803662619602,
        "statistic": 52.0,
        "method": "exact_binomial"
      }
    },
    "e3_750_vs_e5b_100": {
      "n_common": 3531,
      "em_diff": {
        "mean": 0.013027470971396206,
        "lo95": -0.0008496176720475786,
        "hi95": 0.027187765505522515,
        "boot_p": 0.0684
      },
      "f1_diff": {
        "mean": 0.013058323374549492,
        "lo95": 0.0015526814045822596,
        "hi95": 0.025014403284681654,
        "boot_p": 0.0258
      },
      "mcnemar_em": {
        "b": 330,
        "c": 284,
        "p_value": 0.06927542535142893,
        "statistic": 46.0,
        "method": "exact_binomial"
      }
    },
    "e4_1250_vs_e5a_1000": {
      "n_common": 3531,
      "em_diff": {
        "mean": -0.2645143018974795,
        "lo95": -0.2798074199943359,
        "hi95": -0.2495043896913056,
        "boot_p": 0.0
      },
      "f1_diff": {
        "mean": -0.10938657707390849,
        "lo95": -0.12022975138742957,
        "hi95": -0.09906548117610117,
        "boot_p": 0.0
      },
      "mcnemar_em": {
        "b": 47,
        "c": 981,
        "p_value": 3.554248149764083e-228,
        "statistic": -934.0,
        "method": "exact_binomial"
      }
    },
    "e4_1250_vs_e5b_100": {
      "n_common": 3531,
      "em_diff": {
        "mean": -0.26621353724157465,
        "lo95": -0.2817898612291136,
        "hi95": -0.2506372132540357,
        "boot_p": 0.0
      },
      "f1_diff": {
        "mean": -0.10986285532402937,
        "lo95": -0.12097305730437401,
        "hi95": -0.0987944518977712,
        "boot_p": 0.0
      },
      "mcnemar_em": {
        "b": 51,
        "c": 991,
        "p_value": 6.777562620506951e-227,
        "statistic": -940.0,
        "method": "exact_binomial"
      }
    },
    "e5a_1000_vs_e5b_100": {
      "n_common": 3531,
      "em_diff": {
        "mean": -0.0016992353440951572,
        "lo95": -0.01557632398753894,
        "hi95": 0.012461059190031152,
        "boot_p": 0.8292
      },
      "f1_diff": {
        "mean": -0.00047627825012090317,
        "lo95": -0.011986973867786176,
        "hi95": 0.011043924199429685,
        "boot_p": 0.9476
      },
      "mcnemar_em": {
        "b": 311,
        "c": 317,