{
  "e3_step_500": {
    "pass@1": 0.551562,
    "pass@4": 0.576472,
    "pass@8": 0.587039,
    "pass@16": 0.597424,
    "pass@32": 0.61,
    "per_question_correct": [
      0,
      0,
      32,
      32,
      0,
      32,
      29,
      0,
      0,
      11,
      0,
      32,
      0,
      0,
      32,
      0,
      0,
      0,
      32,
      32,
      32,
      32,
      0,
      32,
      32,
      32,
      32,
      32,
      32,
      32,
      0,
      32,
      0,
      2,
      32,
      32,
      32,
      32,
      0,
      32,
      32,
      32,
      0,
      32,
      30,
      32,
      32,
      0,
      0,
      0,
      0,
      32,
      32,
      31,
      23,
      32,
      32,
      32,
      32,
      32,
      1,
      32,
      32,
      0,
      32,
      13,
      32,
      6,
      32,
      32,
      0,
      32,
      32,
      32,
      0,
      0,
      2,
      0,
      0,
      32,
      32,
      32,
      32,
      0,
      32,
      32,
      0,
      0,
      32,
      0,
      32,
      32,
      32,
      30,
      0,
      32,
      32,
      32,
      0,
      0,
      0,
      0,
      32,
      29,
      32,
      0,
      32,
      23,
      0,
      30,
      0,
      0,
      0,
      32,
      32,
      32,
      32,
      0,
      0,
      0,
      32,
      24,
      0,
      0,
      0,
      31,
      32,
      32,
      0,
      32,
      0,
      32,
      0,
      0,
      5,
      0,
      32,
      32,
      0,
      0,
      32,
      0,
      32,
      32,
      32,
      0,
      0,
      0,
      0,
      1,
      32,
      32,
      32,
      0,
      32,
      0,
      32,
      0,
      0,
      32,
      1,
      32,
      0,
      32,
      32,
      0,
      32,
      32,
      32,
      32,
      0,
      9,
      32,
      32,
      9,
      32,
      32,
      0,
      0,
      32,
      0,
      0,
      0,
      32,
      1,
      0,
      32,
      29,
      32,
      0,
      24,
      0,
      0,
      0,
      32,
      32,
      0,
      0,
      0,
      32
    ]
  },
  "sft_base": {
    "pass@1": 0.002344,
    "pass@4": 0.008851,
    "pass@8": 0.016482,
    "pass@16": 0.029182,
    "pass@32": 0.05,
    "per_question_correct": [
      0,
      0,
      0,
      1,
      0,
      4,
      0,
      0,
      0,
      0,
      0,
      0,
      0,
      0,
      0,
      0,
      0,
      0,
      0,
      0,
      0,
      0,
      0,
      0,
      0,
      0,
      0,
      0,
      0,
      0,
      0,
      0,
      0,
      0,
      1,
      0,
      0,
      0,
      1,
      0,
      0,
      0,
      0,
      0,
      0,
      0,
      0,
      0,
      0,
      0,
      0,
      0,
      1,
      0,
      0,
      0,
      0,
      0,
      0,
      0,
      0,
      0,
      0,
      0,
      0,
      0,
      0,
      0,
      0,
      0,
      0,
      0,
      0,
      0,
      0,
      0,
      0,
      0,
      0,
      0,
      0,
      0,
      0,
      0,
      0,
      0,
      0,
      0,
      0,
      0,
      0,
      0,
      1,
      0,
      0,
      0,
      0,
      0,
      0,
      0,
      0,
      0,
      0,
      0,
      0,
      0,
      0,
      0,
      0,
      0,
      0,
      0,
      0,
      3,
      0,
      0,
      0,
      0,
      0,
      0,
      0,
      0,
      0,
      0,
      0,
      0,
      0,
      0,
      0,
      0,
      0,
      0,
      0,
      0,
      0,
      0,
      1,
      0,
      0,
      0,
      0,
      0,
      0,
      0,
      1,
      0,
      0,
      0,
      0,
      0,
      0,
      0,
      0,
      0,
      0,
      0,
      0,
      0,
      0,
      0,
      0,
      0,
      0,
      0,
      0,
      0,
      0,
      0,
      0,
      0,
      0,
      0,
      0,
      0,
      0,
      0,
      1,
      0,
      0,
      0,
      0,
      0,
      0,
      0,
      0,
      0,
      0,
      0,
      0,
      0,
      0,
      0,
      0,
      0,
      0,
      0,
      0,
      0,
      0,
      0
    ]
  },
  "comparison": {
    "delta@1": 0.549219,
    "ratio@1": 235.33,
    "delta@4": 0.567621,
    "ratio@4": 65.13,
    "delta@8": 0.570556,
    "ratio@8": 35.62,
    "delta@16": 0.568241,
    "ratio@16": 20.47,
    "delta@32": 0.56,
    "ratio@32": 12.2
  },
  "metadata": {
    "n_questions": 200,
    "n_samples": 32,
    "e3_elapsed_s": 10265.351245880127,
    "sft_elapsed_s": 55114.567420482635,
    "e3_bimodality": {
      "always": 98,
      "never": 78,
      "partial": 24
    },
    "sft_bimodality": {
      "always": 0,
      "never": 190,
      "partial": 10
    },
    "capability_overlap": {
      "e3_only": 113,
      "sft_only": 1,
      "both": 9,
      "neither": 77
    }
  }
}