{
  "e3_step_500": {
    "pass@1": 0.615625,
    "pass@4": 0.6390734149054506,
    "pass@8": 0.649620346443817,
    "pass@16": 0.6600725658676038,
    "pass@32": 0.67,
    "per_question_correct": [
      0,
      0,
      32,
      32,
      0,
      32,
      29,
      0,
      0,
      11,
      0,
      32,
      0,
      0,
      32,
      0,
      0,
      0,
      32,
      32,
      32,
      32,
      0,
      32,
      32,
      32,
      32,
      32,
      32,
      32,
      0,
      32,
      0,
      2,
      32,
      32,
      32,
      32,
      0,
      32,
      32,
      32,
      0,
      32,
      30,
      32,
      32,
      0,
      0,
      0,
      0,
      32,
      32,
      31,
      23,
      32,
      32,
      32,
      32,
      32,
      1,
      32,
      32,
      0,
      32,
      13,
      32,
      6,
      32,
      32,
      0,
      32,
      32,
      32,
      0,
      0,
      2,
      0,
      0,
      32,
      32,
      32,
      32,
      0,
      32,
      32,
      0,
      0,
      32,
      0,
      32,
      32,
      32,
      30,
      0,
      32,
      32,
      32,
      0,
      0
    ],
    "n_samples": 32,
    "n_questions": 100,
    "elapsed_s": 5528.115671634674
  }
}