{
  "e3_step_400": {
    "pass@1": 0.2695,
    "pass@4": 0.33227582417582413,
    "pass@8": 0.3602839160839161,
    "pass@16": 0.388,
    "per_question_correct": [
      0,
      16,
      8,
      0,
      2,
      0,
      0,
      9,
      0,
      15,
      12,
      0,
      0,
      0,
      0,
      1,
      0,
      0,
      0,
      16,
      0,
      0,
      0,
      0,
      0,
      16,
      3,
      0,
      14,
      13,
      16,
      0,
      0,
      1,
      1,
      0,
      0,
      1,
      16,
      16,
      0,
      16,
      0,
      0,
      5,
      2,
      0,
      15,
      1,
      0,
      0,
      16,
      16,
      16,
      16,
      2,
      16,
      1,
      0,
      0,
      16,
      6,
      16,
      3,
      13,
      1,
      16,
      0,
      12,
      0,
      12,
      0,
      0,
      16,
      16,
      12,
      0,
      0,
      16,
      16,
      0,
      0,
      0,
      0,
      14,
      16,
      2,
      0,
      0,
      0,
      16,
      0,
      0,
      2,
      0,
      0,
      0,
      0,
      16,
      0,
      16,
      16,
      0,
      0,
      0,
      0,
      0,
      0,
      0,
      0,
      0,
      0,
      0,
      0,
      0,
      0,
      12,
      16,
      6,
      0,
      0,
      15,
      12,
      4,
      16,
      0,
      0,
      0,
      0,
      0,
      0,
      0,
      16,
      0,
      14,
      10,
      16,
      16,
      0,
      0,
      0,
      16,
      4,
      16,
      0,
      0,
      0,
      0,
      0,
      16,
      16,
      0,
      2,
      0,
      16,
      16,
      0,
      0,
      16,
      0,
      0,
      0,
      0,
      4,
      0,
      16,
      2,
      4,
      16,
      0,
      0,
      0,
      0,
      0,
      0,
      0,
      0,
      16,
      2,
      15,
      16,
      0,
      14,
      0,
      0,
      5,
      8,
      16,
      0,
      0,
      0,
      0,
      0,
      0,
      0,
      16,
      16,
      10,
      15,
      0,
      0,
      0,
      0,
      0,
      0,
      1,
      0,
      15,
      0,
      16,
      0,
      12,
      0,
      0,
      16,
      12,
      12,
      0,
      0,
      16,
      16,
      0,
      0,
      0,
      3,
      0,
      11,
      0,
      5,
      0,
      0,
      0,
      0,
      16,
      0,
      0,
      7,
      0,
      1,
      0,
      0,
      0,
      15,
      0,
      0,
      16,
      0,
      9,
      0,
      16,
      16,
      0,
      0,
      0,
      0,
      0,
      0,
      1,
      0,
      0,
      0,
      0,
      0,
      16,
      0,
      0,
      0,
      0,
      0,
      9,
      1,
      9,
      7,
      16,
      0,
      14,
      0,
      0,
      0,
      0,
      0,
      0,
      0,
      0,
      0,
      16,
      5,
      16,
      0,
      16,
      0,
      0,
      0,
      0,
      16,
      10,
      0,
      0,
      2,
      0,
      0,
      0,
      16,
      0,
      0,
      0,
      0,
      0,
      0,
      0,
      12,
      0,
      16,
      0,
      0,
      0,
      0,
      16,
      9,
      3,
      0,
      8,
      12,
      9,
      1,
      10,
      16,
      1,
      0,
      0,
      4,
      16,
      0,
      16,
      0,
      0,
      16,
      16,
      2,
      1,
      16,
      0,
      16,
      0,
      1,
      0,
      16,
      0,
      0,
      0,
      0,
      16,
      2,
      16,
      0,
      5,
      0,
      0,
      14,
      0,
      0,
      0,
      0,
      0,
      0,
      0,
      0,
      0,
      15,
      16,
      0,
      10,
      0,
      16,
      0,
      0,
      16,
      0,
      0,
      0,
      1,
      0,
      0,
      14,
      7,
      0,
      16,
      16,
      0,
      0,
      16,
      0,
      0,
      16,
      0,
      0,
      16,
      0,
      0,
      0,
      0,
      0,
      14,
      0,
      0,
      0,
      0,
      1,
      0,
      0,
      16,
      0,
      16,
      15,
      0,
      5,
      0,
      0,
      0,
      0,
      0,
      10,
      15,
      4,
      0,
      12,
      16,
      7,
      0,
      0,
      0,
      16,
      0,
      0,
      0,
      0,
      0,
      3,
      0,
      6,
      0,
      16,
      0,
      0,
      0,
      0,
      0,
      0,
      0,
      0,
      0,
      0,
      16,
      0,
      0,
      2,
      0,
      0,
      0,
      0,
      0,
      0,
      0,
      16,
      1,
      0,
      0,
      0,
      16,
      0,
      0,
      0,
      0,
      0,
      0,
      2,
      0,
      0,
      0,
      6,
      1,
      0,
      0,
      0,
      0,
      0,
      0,
      1,
      16,
      0,
      0,
      0,
      0,
      0,
      0,
      16,
      0,
      0,
      0,
      0
    ],
    "n_samples": 16,
    "n_questions": 500,
    "elapsed_s": 2548.275191783905
  }
}