{
  "e3_step_400": {
    "pass@1": 0.361875,
    "pass@4": 0.4425494505494505,
    "pass@8": 0.472389121989122,
    "pass@16": 0.502,
    "per_question_correct": [
      0,
      16,
      16,
      2,
      0,
      0,
      0,
      16,
      0,
      14,
      4,
      0,
      1,
      14,
      0,
      14,
      4,
      16,
      0,
      16,
      0,
      0,
      0,
      0,
      0,
      15,
      13,
      0,
      16,
      16,
      16,
      0,
      0,
      0,
      6,
      0,
      0,
      0,
      16,
      16,
      0,
      15,
      0,
      0,
      4,
      10,
      9,
      16,
      16,
      0,
      15,
      16,
      16,
      11,
      16,
      13,
      16,
      9,
      0,
      0,
      16,
      16,
      16,
      16,
      16,
      10,
      16,
      11,
      16,
      1,
      16,
      0,
      11,
      16,
      16,
      14,
      10,
      0,
      13,
      16,
      4,
      0,
      0,
      0,
      10,
      15,
      4,
      4,
      0,
      2,
      6,
      0,
      0,
      1,
      1,
      0,
      0,
      5,
      16,
      0,
      16,
      16,
      0,
      0,
      3,
      0,
      0,
      0,
      0,
      0,
      0,
      0,
      1,
      0,
      0,
      0,
      13,
      16,
      16,
      1,
      0,
      15,
      16,
      10,
      16,
      0,
      0,
      0,
      0,
      8,
      0,
      0,
      16,
      0,
      16,
      15,
      16,
      14,
      0,
      0,
      0,
      16,
      11,
      16,
      0,
      0,
      0,
      0,
      0,
      16,
      14,
      4,
      0,
      0,
      12,
      16,
      0,
      0,
      16,
      0,
      0,
      0,
      0,
      2,
      0,
      16,
      16,
      0,
      16,
      0,
      0,
      0,
      0,
      0,
      2,
      14,
      0,
      13,
      16,
      3,
      16,
      0,
      0,
      6,
      0,
      15,
      15,
      16,
      16,
      5,
      9,
      10,
      11,
      0,
      1,
      14,
      12,
      4,
      16,
      0,
      0,
      0,
      0,
      0,
      0,
      1,
      0,
      0,
      1,
      16,
      0,
      16,
      0,
      1,
      16,
      15,
      16,
      0,
      0,
      13,
      16,
      10,
      0,
      0,
      16,
      0,
      9,
      12,
      14,
      1,
      0,
      0,
      0,
      10,
      0,
      8,
      16,
      0,
      1,
      7,
      0,
      0,
      16,
      0,
      0,
      16,
      0,
      16,
      0,
      16,
      16,
      15,
      14,
      0,
      0,
      0,
      6,
      16,
      0,
      12,
      0,
      0,
      0,
      16,
      0,
      0,
      0,
      0,
      0,
      16,
      0,
      15,
      0,
      16,
      0,
      16,
      2,
      0,
      0,
      0,
      8,
      0,
      0,
      0,
      16,
      16,
      2,
      16,
      0,
      16,
      0,
      7,
      2,
      0,
      16,
      16,
      0,
      16,
      4,
      0,
      0,
      0,
      10,
      0,
      0,
      4,
      0,
      0,
      0,
      0,
      16,
      0,
      16,
      0,
      0,
      0,
      0,
      16,
      7,
      16,
      0,
      0,
      16,
      10,
      14,
      16,
      16,
      14,
      1,
      0,
      0,
      16,
      0,
      16,
      0,
      0,
      15,
      16,
      8,
      0,
      16,
      0,
      16,
      0,
      1,
      12,
      13,
      1,
      0,
      12,
      0,
      16,
      16,
      16,
      7,
      9,
      15,
      0,
      16,
      0,
      0,
      0,
      1,
      0,
      0,
      0,
      0,
      1,
      12,
      16,
      0,
      15,
      0,
      16,
      0,
      0,
      16,
      0,
      15,
      0,
      2,
      0,
      1,
      16,
      14,
      1,
      16,
      14,
      0,
      10,
      16,
      0,
      0,
      15,
      0,
      0,
      16,
      0,
      0,
      0,
      0,
      4,
      7,
      0,
      0,
      0,
      0,
      0,
      11,
      0,
      16,
      0,
      16,
      12,
      0,
      9,
      0,
      0,
      2,
      0,
      0,
      7,
      16,
      2,
      14,
      15,
      16,
      10,
      2,
      0,
      0,
      11,
      0,
      0,
      0,
      0,
      0,
      2,
      0,
      12,
      0,
      16,
      0,
      2,
      0,
      0,
      0,
      0,
      0,
      0,
      1,
      0,
      16,
      7,
      0,
      0,
      0,
      0,
      0,
      0,
      0,
      1,
      0,
      16,
      0,
      0,
      0,
      0,
      16,
      0,
      0,
      0,
      0,
      6,
      0,
      9,
      0,
      0,
      1,
      14,
      7,
      0,
      16,
      0,
      0,
      0,
      0,
      0,
      16,
      0,
      0,
      0,
      3,
      0,
      0,
      16,
      0,
      0,
      0,
      0
    ],
    "n_samples": 16,
    "n_questions": 500,
    "elapsed_s": 54321.44217324257
  }
}