{
  "e3_step_500": {
    "pass@1": 0.305125,
    "pass@4": 0.3325626373626374,
    "pass@8": 0.34432152292152296,
    "pass@16": 0.354,
    "per_question_correct": [
      0,
      16,
      16,
      0,
      16,
      0,
      0,
      16,
      0,
      12,
      16,
      0,
      16,
      13,
      0,
      2,
      11,
      0,
      0,
      16,
      0,
      0,
      0,
      0,
      0,
      5,
      16,
      0,
      16,
      0,
      16,
      0,
      0,
      0,
      0,
      0,
      0,
      0,
      16,
      16,
      0,
      16,
      0,
      0,
      15,
      11,
      0,
      16,
      16,
      0,
      0,
      16,
      16,
      15,
      16,
      16,
      16,
      5,
      0,
      0,
      2,
      16,
      16,
      12,
      16,
      0,
      16,
      0,
      16,
      0,
      16,
      0,
      0,
      16,
      16,
      16,
      3,
      0,
      8,
      16,
      0,
      0,
      0,
      0,
      12,
      16,
      1,
      0,
      0,
      0,
      0,
      0,
      0,
      0,
      0,
      0,
      0,
      0,
      16,
      0,
      16,
      16,
      0,
      0,
      0,
      0,
      0,
      0,
      0,
      0,
      0,
      0,
      7,
      0,
      0,
      0,
      3,
      16,
      16,
      0,
      0,
      16,
      16,
      16,
      16,
      0,
      0,
      0,
      0,
      7,
      0,
      0,
      16,
      0,
      16,
      0,
      16,
      16,
      0,
      0,
      0,
      16,
      6,
      16,
      0,
      0,
      0,
      0,
      0,
      16,
      16,
      0,
      0,
      0,
      16,
      0,
      0,
      0,
      16,
      0,
      0,
      0,
      0,
      16,
      0,
      16,
      16,
      0,
      16,
      0,
      0,
      0,
      0,
      0,
      0,
      0,
      0,
      16,
      16,
      1,
      16,
      0,
      0,
      0,
      0,
      16,
      16,
      16,
      0,
      0,
      0,
      0,
      0,
      0,
      0,
      16,
      14,
      0,
      16,
      0,
      0,
      0,
      0,
      0,
      0,
      0,
      0,
      0,
      12,
      16,
      0,
      12,
      0,
      0,
      16,
      16,
      16,
      0,
      0,
      1,
      16,
      0,
      0,
      0,
      2,
      0,
      0,
      0,
      0,
      0,
      0,
      0,
      0,
      0,
      0,
      0,
      16,
      0,
      1,
      0,
      0,
      0,
      16,
      0,
      0,
      16,
      0,
      16,
      0,
      16,
      16,
      0,
      16,
      0,
      0,
      0,
      0,
      16,
      0,
      0,
      0,
      0,
      0,
      16,
      0,
      0,
      0,
      0,
      0,
      16,
      0,
      16,
      0,
      16,
      0,
      16,
      0,
      0,
      0,
      0,
      0,
      0,
      0,
      0,
      0,
      16,
      1,
      16,
      0,
      16,
      0,
      16,
      0,
      0,
      15,
      16,
      0,
      0,
      16,
      0,
      12,
      0,
      16,
      0,
      0,
      0,
      0,
      0,
      0,
      0,
      16,
      0,
      16,
      0,
      0,
      0,
      0,
      0,
      6,
      16,
      0,
      3,
      16,
      0,
      0,
      16,
      16,
      1,
      0,
      0,
      0,
      16,
      0,
      16,
      0,
      0,
      16,
      16,
      16,
      0,
      16,
      0,
      16,
      0,
      0,
      16,
      16,
      0,
      3,
      16,
      0,
      16,
      3,
      16,
      0,
      0,
      11,
      0,
      16,
      0,
      0,
      0,
      0,
      0,
      0,
      0,
      0,
      0,
      16,
      16,
      0,
      0,
      0,
      16,
      0,
      0,
      16,
      0,
      9,
      0,
      2,
      0,
      0,
      16,
      16,
      0,
      16,
      16,
      0,
      0,
      16,
      0,
      0,
      16,
      0,
      0,
      16,
      0,
      0,
      0,
      0,
      16,
      0,
      0,
      0,
      0,
      0,
      0,
      0,
      14,
      16,
      0,
      16,
      16,
      0,
      15,
      0,
      0,
      0,
      0,
      0,
      9,
      2,
      0,
      0,
      16,
      16,
      0,
      16,
      0,
      0,
      16,
      0,
      0,
      0,
      0,
      0,
      0,
      0,
      9,
      0,
      4,
      0,
      0,
      0,
      0,
      0,
      0,
      0,
      0,
      0,
      0,
      16,
      0,
      0,
      0,
      0,
      0,
      0,
      0,
      0,
      0,
      0,
      16,
      0,
      0,
      0,
      0,
      16,
      0,
      0,
      0,
      0,
      0,
      0,
      14,
      0,
      0,
      0,
      16,
      0,
      0,
      16,
      0,
      0,
      0,
      0,
      0,
      16,
      0,
      0,
      0,
      0,
      0,
      3,
      16,
      0,
      0,
      0,
      0
    ],
    "n_samples": 16,
    "n_questions": 500,
    "elapsed_s": 13487.774366140366
  }
}