{
  "e3_step_500": {
    "pass@1": 0.301875,
    "pass@4": 0.3320241758241758,
    "pass@8": 0.34513799533799533,
    "pass@16": 0.358,
    "per_question_correct": [
      0,
      16,
      16,
      0,
      2,
      0,
      0,
      16,
      0,
      16,
      16,
      0,
      0,
      0,
      0,
      1,
      0,
      0,
      0,
      16,
      0,
      0,
      0,
      0,
      0,
      9,
      16,
      0,
      16,
      0,
      16,
      0,
      0,
      0,
      0,
      0,
      0,
      0,
      16,
      16,
      0,
      16,
      0,
      0,
      16,
      0,
      0,
      16,
      13,
      0,
      0,
      16,
      16,
      16,
      16,
      14,
      14,
      12,
      0,
      0,
      0,
      12,
      16,
      5,
      16,
      0,
      16,
      0,
      16,
      0,
      16,
      0,
      0,
      16,
      16,
      16,
      0,
      0,
      16,
      16,
      0,
      0,
      0,
      0,
      16,
      16,
      2,
      0,
      0,
      0,
      1,
      0,
      0,
      0,
      0,
      0,
      0,
      0,
      16,
      0,
      16,
      16,
      0,
      0,
      0,
      0,
      0,
      0,
      0,
      1,
      0,
      0,
      0,
      0,
      0,
      0,
      11,
      16,
      16,
      0,
      0,
      16,
      16,
      7,
      16,
      0,
      0,
      0,
      0,
      2,
      0,
      0,
      16,
      0,
      16,
      2,
      16,
      16,
      0,
      0,
      0,
      16,
      16,
      16,
      0,
      0,
      0,
      0,
      0,
      16,
      15,
      0,
      0,
      0,
      14,
      0,
      0,
      0,
      4,
      0,
      0,
      0,
      0,
      16,
      0,
      16,
      16,
      0,
      16,
      0,
      0,
      0,
      0,
      0,
      0,
      0,
      0,
      16,
      15,
      3,
      16,
      0,
      7,
      1,
      0,
      16,
      14,
      16,
      0,
      0,
      0,
      0,
      0,
      0,
      0,
      15,
      1,
      14,
      16,
      0,
      0,
      0,
      0,
      0,
      0,
      0,
      0,
      0,
      0,
      13,
      0,
      0,
      0,
      0,
      16,
      14,
      16,
      0,
      0,
      7,
      16,
      0,
      12,
      1,
      16,
      0,
      16,
      0,
      0,
      0,
      0,
      0,
      0,
      0,
      0,
      0,
      16,
      0,
      0,
      0,
      0,
      0,
      16,
      0,
      0,
      16,
      0,
      16,
      0,
      16,
      16,
      0,
      16,
      0,
      0,
      0,
      0,
      9,
      0,
      0,
      0,
      0,
      0,
      16,
      0,
      0,
      0,
      0,
      0,
      16,
      2,
      16,
      0,
      16,
      0,
      16,
      0,
      0,
      0,
      0,
      1,
      0,
      0,
      0,
      0,
      16,
      1,
      16,
      0,
      16,
      0,
      15,
      0,
      0,
      16,
      16,
      0,
      0,
      14,
      0,
      0,
      0,
      16,
      0,
      0,
      7,
      0,
      0,
      0,
      0,
      16,
      0,
      16,
      0,
      0,
      0,
      0,
      0,
      3,
      14,
      0,
      10,
      16,
      16,
      0,
      16,
      16,
      3,
      0,
      0,
      0,
      16,
      0,
      16,
      0,
      0,
      16,
      16,
      11,
      0,
      16,
      0,
      16,
      0,
      0,
      13,
      16,
      0,
      0,
      16,
      0,
      16,
      0,
      16,
      0,
      0,
      4,
      0,
      16,
      0,
      0,
      0,
      0,
      0,
      0,
      0,
      0,
      0,
      16,
      16,
      0,
      1,
      0,
      16,
      0,
      0,
      16,
      0,
      16,
      0,
      0,
      0,
      0,
      16,
      16,
      0,
      16,
      16,
      0,
      0,
      16,
      0,
      0,
      16,
      0,
      0,
      16,
      0,
      0,
      0,
      0,
      16,
      13,
      0,
      0,
      0,
      0,
      0,
      0,
      16,
      16,
      0,
      16,
      15,
      0,
      16,
      0,
      0,
      0,
      0,
      0,
      13,
      0,
      0,
      0,
      16,
      16,
      4,
      9,
      0,
      0,
      16,
      0,
      0,
      0,
      0,
      0,
      0,
      0,
      16,
      0,
      16,
      0,
      0,
      0,
      0,
      0,
      0,
      0,
      0,
      0,
      0,
      13,
      0,
      0,
      0,
      0,
      0,
      0,
      0,
      0,
      0,
      0,
      16,
      0,
      0,
      0,
      0,
      16,
      0,
      0,
      0,
      0,
      0,
      0,
      9,
      0,
      0,
      0,
      16,
      0,
      0,
      16,
      0,
      0,
      0,
      0,
      0,
      16,
      0,
      0,
      0,
      2,
      0,
      3,
      16,
      0,
      0,
      0,
      0
    ],
    "n_samples": 16,
    "n_questions": 500,
    "elapsed_s": 2085.2003276348114
  }
}