{
  "e3_step_100": {
    "pass@1": 0.274625,
    "pass@4": 0.32350879120879117,
    "pass@8": 0.34323076923076923,
    "pass@16": 0.362,
    "per_question_correct": [
      0,
      16,
      15,
      0,
      0,
      0,
      0,
      4,
      0,
      16,
      6,
      0,
      0,
      0,
      0,
      0,
      0,
      0,
      0,
      16,
      0,
      0,
      0,
      0,
      0,
      16,
      8,
      0,
      16,
      12,
      16,
      0,
      0,
      13,
      0,
      0,
      0,
      0,
      16,
      16,
      0,
      16,
      0,
      0,
      2,
      1,
      0,
      16,
      0,
      0,
      0,
      16,
      16,
      16,
      16,
      3,
      16,
      4,
      0,
      0,
      16,
      6,
      16,
      0,
      16,
      4,
      16,
      0,
      16,
      1,
      14,
      0,
      0,
      16,
      16,
      15,
      0,
      0,
      16,
      16,
      0,
      0,
      0,
      0,
      13,
      16,
      0,
      0,
      0,
      1,
      16,
      0,
      0,
      0,
      0,
      0,
      0,
      0,
      16,
      0,
      16,
      16,
      2,
      0,
      0,
      0,
      0,
      0,
      0,
      0,
      0,
      0,
      0,
      0,
      0,
      0,
      11,
      16,
      7,
      0,
      0,
      14,
      7,
      5,
      16,
      0,
      0,
      0,
      0,
      0,
      0,
      0,
      16,
      0,
      15,
      12,
      16,
      16,
      0,
      0,
      0,
      16,
      1,
      16,
      0,
      0,
      0,
      0,
      0,
      16,
      16,
      0,
      0,
      0,
      16,
      16,
      0,
      0,
      16,
      0,
      0,
      0,
      0,
      6,
      0,
      15,
      2,
      16,
      16,
      0,
      0,
      0,
      0,
      0,
      0,
      0,
      0,
      13,
      0,
      13,
      16,
      0,
      13,
      0,
      0,
      1,
      13,
      16,
      0,
      0,
      0,
      0,
      0,
      0,
      0,
      16,
      15,
      0,
      14,
      0,
      0,
      0,
      0,
      0,
      0,
      1,
      0,
      16,
      0,
      16,
      0,
      0,
      0,
      0,
      16,
      14,
      10,
      0,
      0,
      16,
      16,
      0,
      0,
      0,
      2,
      0,
      8,
      0,
      0,
      0,
      0,
      0,
      0,
      16,
      0,
      0,
      12,
      0,
      0,
      0,
      0,
      0,
      14,
      0,
      0,
      16,
      0,
      16,
      0,
      16,
      16,
      0,
      0,
      0,
      0,
      0,
      0,
      3,
      0,
      0,
      0,
      0,
      0,
      16,
      0,
      0,
      0,
      0,
      0,
      12,
      0,
      12,
      10,
      16,
      0,
      14,
      0,
      0,
      0,
      0,
      0,
      0,
      0,
      0,
      0,
      16,
      5,
      16,
      0,
      16,
      0,
      0,
      0,
      0,
      16,
      8,
      0,
      0,
      1,
      0,
      0,
      0,
      16,
      0,
      0,
      14,
      0,
      0,
      0,
      0,
      14,
      0,
      13,
      0,
      0,
      0,
      0,
      15,
      10,
      3,
      0,
      14,
      16,
      10,
      0,
      15,
      16,
      6,
      0,
      0,
      1,
      16,
      0,
      15,
      0,
      0,
      14,
      16,
      3,
      0,
      16,
      0,
      16,
      0,
      2,
      0,
      15,
      0,
      0,
      0,
      0,
      16,
      0,
      16,
      0,
      2,
      0,
      0,
      16,
      0,
      0,
      0,
      0,
      0,
      0,
      0,
      0,
      0,
      16,
      16,
      0,
      12,
      0,
      16,
      0,
      0,
      16,
      0,
      0,
      0,
      4,
      0,
      0,
      15,
      6,
      0,
      16,
      16,
      0,
      0,
      16,
      1,
      0,
      16,
      0,
      0,
      16,
      0,
      0,
      0,
      0,
      0,
      16,
      0,
      0,
      0,
      0,
      0,
      0,
      4,
      16,
      0,
      16,
      16,
      0,
      10,
      0,
      0,
      0,
      0,
      0,
      7,
      11,
      7,
      0,
      14,
      16,
      1,
      0,
      0,
      0,
      16,
      0,
      0,
      0,
      0,
      0,
      0,
      0,
      2,
      0,
      16,
      0,
      0,
      0,
      0,
      0,
      0,
      0,
      0,
      0,
      0,
      16,
      0,
      0,
      1,
      0,
      0,
      0,
      0,
      0,
      0,
      0,
      16,
      1,
      0,
      0,
      0,
      16,
      0,
      0,
      0,
      0,
      0,
      0,
      5,
      0,
      0,
      0,
      10,
      1,
      0,
      0,
      0,
      0,
      1,
      0,
      0,
      16,
      0,
      0,
      0,
      3,
      0,
      0,
      16,
      0,
      0,
      0,
      0
    ],
    "n_samples": 16,
    "n_questions": 500,
    "elapsed_s": 2509.474675655365
  }
}