{
  "e3_step_100": {
    "pass@1": 0.30175,
    "pass@4": 0.4178197802197802,
    "pass@8": 0.4617796425796426,
    "pass@16": 0.504,
    "per_question_correct": [
      0,
      15,
      15,
      1,
      0,
      0,
      0,
      14,
      0,
      11,
      2,
      0,
      2,
      2,
      0,
      11,
      1,
      9,
      0,
      15,
      0,
      0,
      0,
      0,
      1,
      16,
      13,
      0,
      13,
      14,
      12,
      0,
      0,
      0,
      14,
      0,
      0,
      0,
      9,
      15,
      0,
      16,
      0,
      0,
      0,
      6,
      8,
      15,
      11,
      0,
      4,
      15,
      15,
      5,
      15,
      7,
      16,
      4,
      0,
      0,
      14,
      14,
      16,
      15,
      15,
      7,
      16,
      9,
      16,
      4,
      12,
      0,
      14,
      12,
      16,
      10,
      7,
      0,
      10,
      16,
      0,
      0,
      0,
      0,
      14,
      15,
      8,
      8,
      0,
      3,
      4,
      0,
      0,
      0,
      1,
      0,
      0,
      0,
      16,
      0,
      16,
      10,
      3,
      0,
      0,
      0,
      0,
      0,
      0,
      0,
      0,
      0,
      1,
      0,
      0,
      0,
      8,
      15,
      15,
      0,
      0,
      14,
      13,
      3,
      16,
      0,
      0,
      0,
      0,
      3,
      0,
      0,
      12,
      0,
      16,
      15,
      10,
      4,
      0,
      0,
      0,
      16,
      14,
      16,
      0,
      0,
      0,
      0,
      1,
      14,
      15,
      2,
      0,
      0,
      12,
      16,
      1,
      0,
      10,
      0,
      0,
      0,
      0,
      1,
      0,
      13,
      15,
      6,
      15,
      0,
      0,
      0,
      0,
      0,
      0,
      15,
      0,
      0,
      8,
      1,
      16,
      3,
      0,
      1,
      2,
      10,
      15,
      15,
      1,
      3,
      0,
      7,
      7,
      0,
      0,
      11,
      4,
      11,
      12,
      0,
      0,
      0,
      0,
      0,
      0,
      1,
      0,
      0,
      1,
      16,
      0,
      6,
      0,
      5,
      15,
      10,
      12,
      0,
      0,
      11,
      13,
      9,
      0,
      0,
      14,
      1,
      3,
      12,
      11,
      0,
      0,
      0,
      0,
      15,
      0,
      1,
      13,
      7,
      0,
      8,
      0,
      0,
      2,
      0,
      0,
      16,
      0,
      16,
      0,
      16,
      16,
      11,
      9,
      1,
      0,
      0,
      8,
      16,
      1,
      0,
      0,
      0,
      0,
      13,
      0,
      0,
      0,
      0,
      0,
      8,
      0,
      16,
      0,
      14,
      0,
      13,
      3,
      0,
      0,
      3,
      3,
      0,
      0,
      0,
      16,
      16,
      0,
      15,
      0,
      14,
      0,
      1,
      2,
      0,
      16,
      7,
      0,
      8,
      5,
      0,
      1,
      0,
      6,
      0,
      0,
      2,
      0,
      4,
      0,
      0,
      15,
      0,
      15,
      0,
      0,
      1,
      0,
      12,
      6,
      15,
      0,
      14,
      15,
      1,
      15,
      11,
      16,
      13,
      3,
      0,
      0,
      14,
      0,
      14,
      0,
      0,
      13,
      14,
      3,
      0,
      16,
      0,
      12,
      0,
      1,
      3,
      9,
      0,
      0,
      10,
      0,
      16,
      4,
      16,
      2,
      4,
      13,
      0,
      16,
      0,
      0,
      0,
      1,
      0,
      1,
      0,
      9,
      1,
      1,
      16,
      0,
      2,
      0,
      13,
      0,
      0,
      15,
      0,
      14,
      5,
      8,
      0,
      3,
      14,
      12,
      2,
      16,
      13,
      0,
      2,
      15,
      0,
      1,
      14,
      0,
      0,
      16,
      0,
      0,
      0,
      0,
      0,
      8,
      0,
      0,
      0,
      0,
      1,
      0,
      7,
      14,
      0,
      14,
      9,
      0,
      15,
      0,
      0,
      0,
      0,
      0,
      6,
      15,
      1,
      4,
      11,
      15,
      10,
      1,
      0,
      0,
      9,
      0,
      0,
      0,
      1,
      0,
      0,
      0,
      3,
      0,
      15,
      0,
      0,
      0,
      0,
      0,
      0,
      0,
      0,
      0,
      0,
      14,
      0,
      0,
      0,
      2,
      0,
      0,
      0,
      0,
      1,
      0,
      14,
      0,
      0,
      0,
      0,
      16,
      0,
      0,
      0,
      0,
      12,
      0,
      5,
      0,
      0,
      0,
      7,
      10,
      0,
      15,
      0,
      0,
      3,
      0,
      0,
      15,
      0,
      0,
      0,
      0,
      0,
      0,
      16,
      0,
      0,
      0,
      0
    ],
    "n_samples": 16,
    "n_questions": 500,
    "elapsed_s": 45342.26001858711
  }
}